{"cameraMode":{"drawMode":0,"name":"Shaded","section":"Shading Mode"},"sceneLighting":true,"audioPlay":false,"sceneViewState":{"m_AlwaysRefresh":false,"showFog":true,"showSkybox":true,"showFlares":true,"showImageEffects":true,"showParticleSystems":true,"showVisualEffectGraphs":true,"m_FxEnabled":true},"in2DMode":false,"pivot":{"x":-2.074995994567871,"y":-1.653376579284668,"z":13.267623901367188},"rotation":{"x":-0.09018673002719879,"y":-0.0023928177542984487,"z":0.00021662143990397453,"w":-0.9959218502044678},"size":11.544623374938965,"orthographic":false}